Elizabeth Turner,8400
Daniel Rodriguez,5762
Alisa Binion,1545
Susan Sisk,5938
Jonathan Hesson,5374
Gregg Terry,7131
Amy Mason,5297
Kathy Griffin,1567
David Tanner,8512
James Holt,7220
James Grant,6959
Sharon Moore,8733
John Floyd,1509
John Bonifacio,6015
Mark Scarborough,2879
Peter Jones,8183
Matthew Watts,5666
Robert Esquilin,9982
Theodore Nathaniel,1167
David Ogden,5920
Charles Holmes,1749
Warner Vanduyne,1625
Jeffery Srey,4870
Ernest Haynes,2672
John Wright,5228
Dorothy Nelson,5279
Amy Jimenez,3684
Lamar Hobbs,7547
George Honaker,8124
Thomas Jarrett,7275
Derrick Hamilton,3448
Clyde Dunford,8324
Bryan Cogliano,8962
Patricia Harper,2604
Chris Clark,4691
Brandi Nelson,3916
Cynthia Torres,8315
Amber Lord,1032
Noel Decarr,1062
Charles Estrada,9957
Agustin Smith,5096
Frank Stuart,4162
Harriet Farney,7446
Brett Mann,5346
Roy Koehne,8705
Emily Graham,2173
Rosina Weaver,3483
Therese Tutor,6399
Michelle Bormuth,4237
Robert Baker,7289
Racheal Crocker,1060
Mariano Godbee,1269
Ronald Holm,8474
Rosa Coppola,6919
Joe King,6495
Candace Thomas,4234
Michael Connelly,9622
Duane Culley,8898
Charlene Belcher,4405
Sarah Kendrick,5667
Beverly Wright,9093
Sarah Linzan,4927
Kimberly Ward,6908
John Barker,3059
Lyda Hayward,3169
Cheryl Furst,1610
Michael Bonds,1339
Michael Wilson,9237
Hunter Harris,5406
Jeremiah Rindels,5315
Leah Le,8524
Rhonda Orvis,7936
Jonathon Cobb,3218
Frank Carter,8243
Christopher Hernandez,3802
Lisa Hoff,7672
John Weaver,4184
Betty Gill,6642
Elizabeth Holahan,7852
Marilynn Mills,8266
Kathy Koller,7637
Terry Johnson,2066
Sally Penatac,3191
Vincent Nye,4200
Allen Hill,1596
Paul Christensen,3625
Melissa Bakker,9596
Anna Hall,1965
Nancy Jackson,6076
George Hesse,1243
Patricia Gracie,2003
Thomas Trager,5651
Christie Schulz,6038
Lucille Long,7419
Sharon Hernandez,5760
Juli Behan,8213
Christian Brooks,2650
Juanita Cervantes,3937
Stuart Falcon,5044
Carlos Packard,6345
Mark Jackson,6549
Luz Spotted,7891
Gerda Hardman,3088
Sonny Wisner,3058
Theresa Rowe,7915
Richard Sebeniecher,7316
Gina Bell,7597
Alicia Brown,9496
William Slaughenhoupt,9222
Martin Gonzalez,7392
Daniel Lefkowitz,3718
Larry Kelly,6326
Susan Szczepanek,5572
Miesha Ward,9166
William Hendershot,1893
Harold Mills,5486
Barbara Garcia,9738
Autumn Carter,5824
James Jacobs,8274
Johnnie Tipka,6781
Miguel Shepperd,2569
Fredrick Strout,2727
Ada Brady,5015
Dwayne Reynolds,4402
Ashley Bliss,9009
